{"cameraMode":{"drawMode":0,"name":"Shaded","section":"Shading Mode"},"sceneLighting":false,"audioPlay":false,"sceneViewState":{"m_AlwaysRefresh":false,"showFog":true,"showSkybox":false,"showFlares":true,"showImageEffects":true,"showParticleSystems":true,"showVisualEffectGraphs":true,"m_FxEnabled":true},"in2DMode":false,"pivot":{"x":1.4650001525878907,"y":0.4500000476837158,"z":-5.960464477539063e-8},"rotation":{"x":-0.20987488329410554,"y":-0.05688592791557312,"z":0.012235612608492375,"w":-0.9760063290596008},"size":1.3055622577667237,"orthographic":false}