{"cameraMode":{"drawMode":0,"name":"Shaded","section":"Shading Mode"},"sceneLighting":false,"audioPlay":false,"sceneViewState":{"m_AlwaysRefresh":false,"showFog":true,"showSkybox":false,"showFlares":true,"showImageEffects":true,"showParticleSystems":true,"showVisualEffectGraphs":true,"m_FxEnabled":true},"in2DMode":false,"pivot":{"x":0.001165628433227539,"y":1.953660011291504,"z":0.03553199768066406},"rotation":{"x":-0.20987488329410554,"y":-0.05688592791557312,"z":0.012235612608492375,"w":-0.9760063290596008},"size":4.0957136154174809,"orthographic":false}