{"cameraMode":{"drawMode":0,"name":"Shaded","section":"Shading Mode"},"sceneLighting":false,"audioPlay":false,"sceneViewState":{"m_AlwaysRefresh":false,"showFog":true,"showSkybox":false,"showFlares":true,"showImageEffects":true,"showParticleSystems":true,"showVisualEffectGraphs":true,"m_FxEnabled":true},"in2DMode":false,"pivot":{"x":0.10745251178741455,"y":0.4272136688232422,"z":1.3666208982467652},"rotation":{"x":-0.19844679534435273,"y":-0.20385688543319703,"z":0.04224221408367157,"w":-0.9577569961547852},"size":2.0159804821014406,"orthographic":false}