{"cameraMode":{"drawMode":0,"name":"Shaded","section":"Shading Mode"},"sceneLighting":false,"audioPlay":false,"sceneViewState":{"m_AlwaysRefresh":false,"showFog":true,"showSkybox":false,"showFlares":true,"showImageEffects":true,"showParticleSystems":true,"showVisualEffectGraphs":true,"m_FxEnabled":true},"in2DMode":false,"pivot":{"x":85.90064239501953,"y":2.2338674068450929,"z":20.54297637939453},"rotation":{"x":-0.20987488329410554,"y":-0.05688592791557312,"z":0.012235612608492375,"w":-0.9760063290596008},"size":0.0989999771118164,"orthographic":false}