{"cameraMode":{"drawMode":0,"name":"Shaded","section":"Shading Mode"},"sceneLighting":false,"audioPlay":false,"sceneViewState":{"m_AlwaysRefresh":false,"showFog":true,"showSkybox":false,"showFlares":true,"showImageEffects":true,"showParticleSystems":true,"showVisualEffectGraphs":true,"m_FxEnabled":true},"in2DMode":false,"pivot":{"x":3.259791851043701,"y":1.4833991527557374,"z":-0.00020241737365722656},"rotation":{"x":-0.1321568638086319,"y":-0.853975772857666,"z":0.2630540728569031,"w":-0.42905133962631228},"size":3.4900295734405519,"orthographic":false}