{"cameraMode":{"drawMode":0,"name":"Shaded","section":"Shading Mode"},"sceneLighting":false,"audioPlay":false,"sceneViewState":{"m_AlwaysRefresh":false,"showFog":true,"showSkybox":false,"showFlares":true,"showImageEffects":true,"showParticleSystems":true,"showVisualEffectGraphs":true,"m_FxEnabled":true},"in2DMode":false,"pivot":{"x":-7.406790256500244,"y":2.1151909828186037,"z":0.9555517435073853},"rotation":{"x":-0.26353996992111208,"y":-0.11945135146379471,"z":0.03290838748216629,"w":-0.9566713571548462},"size":1.0825035572052003,"orthographic":false}