{"cameraMode":{"drawMode":0,"name":"Shaded","section":"Shading Mode"},"sceneLighting":false,"audioPlay":false,"sceneViewState":{"m_AlwaysRefresh":false,"showFog":true,"showSkybox":false,"showFlares":true,"showImageEffects":true,"showParticleSystems":true,"showVisualEffectGraphs":true,"m_FxEnabled":true},"in2DMode":false,"pivot":{"x":10.739208221435547,"y":1.2916076183319092,"z":-0.7891450524330139},"rotation":{"x":-0.20987488329410554,"y":-0.05688592791557312,"z":0.012235612608492375,"w":-0.9760063290596008},"size":1.591639757156372,"orthographic":false}