{"cameraMode":{"drawMode":0,"name":"Shaded","section":"Shading Mode"},"sceneLighting":true,"audioPlay":false,"sceneViewState":{"m_AlwaysRefresh":false,"showFog":true,"showSkybox":true,"showFlares":true,"showImageEffects":true,"showParticleSystems":true,"showVisualEffectGraphs":true,"m_FxEnabled":true},"in2DMode":false,"pivot":{"x":0.4647177457809448,"y":6.346882343292236,"z":3.3225650787353517},"rotation":{"x":-0.16745780408382417,"y":-0.026338355615735055,"z":0.0044772932305932049,"w":-0.9855300784111023},"size":14.054317474365235,"orthographic":false}