{"cameraMode":{"drawMode":0,"name":"Shaded","section":"Shading Mode"},"sceneLighting":true,"audioPlay":false,"sceneViewState":{"m_AlwaysRefresh":false,"showFog":true,"showSkybox":true,"showFlares":true,"showImageEffects":true,"showParticleSystems":true,"showVisualEffectGraphs":true,"m_FxEnabled":true},"in2DMode":false,"pivot":{"x":-0.7393836975097656,"y":-0.7404985427856445,"z":0.49610328674316409},"rotation":{"x":-0.40169239044189455,"y":-0.2383347451686859,"z":0.10911200940608978,"w":-0.8774728178977966},"size":7.312035083770752,"orthographic":false}