{"cameraMode":{"drawMode":0,"name":"Shaded","section":"Shading Mode"},"sceneLighting":false,"audioPlay":false,"sceneViewState":{"m_AlwaysRefresh":false,"showFog":true,"showSkybox":false,"showFlares":true,"showImageEffects":true,"showParticleSystems":true,"showVisualEffectGraphs":true,"m_FxEnabled":true},"in2DMode":false,"pivot":{"x":108.97709655761719,"y":4.025358200073242,"z":33.961910247802737},"rotation":{"x":-0.20987488329410554,"y":-0.05688592791557312,"z":0.012235612608492375,"w":-0.9760063290596008},"size":0.0475006103515625,"orthographic":false}